{
    "loss": 16.06816291809082,
    "accuracy": 0.5035971403121948
}