{
    "loss": 1.4232836961746216,
    "accuracy": 0.8273381590843201
}