{
    "loss": 15.533044815063477,
    "accuracy": 0.5467625856399536
}