{
    "loss": 0.3456852436065674,
    "accuracy": 0.8992805480957031
}